Foto,Diputado,Distrito,Inicia mandato,Finaliza mandato,Bloque
,"ABDALA DE MATARAZZO, NORMA AMANDA",SANTIAGO DEL ESTERO,10/12/2013,9/12/2017,FRENTE CIVICO POR SANTIAGO
,"ABRAHAM, ALEJANDRO",MENDOZA,10/12/2013,9/12/2017,FRENTE PARA LA VICTORIA - PJ
,"AGUAD, OSCAR RAUL",CORDOBA,10/12/2013,9/12/2017,UCR
,"AGUILAR, LINO WALTER",SAN LUIS,10/12/2011,9/12/2015,COMPROMISO FEDERAL
,"ALEGRE, GILBERTO OSCAR",BUENOS AIRES,10/12/2013,9/12/2017,FRENTE RENOVADOR
,"ALFONSIN, RICARDO LUIS",BUENOS AIRES,10/12/2013,9/12/2017,UCR
,"ALONSO, LAURA",CIUDAD de BUENOS AIRES,10/12/2013,9/12/2017,UNION PRO
,"ALONSO, MARIA LUZ",LA PAMPA,10/12/2011,9/12/2015,FRENTE PARA LA VICTORIA - PJ
,"ARENAS, BERTA HORTENSIA",SAN LUIS,10/12/2013,9/12/2017,COMPROMISO FEDERAL
,"ARGUMEDO, ALCIRA SUSANA",CIUDAD de BUENOS AIRES,10/12/2013,9/12/2017,PROYECTO SUR - UNEN
,"ARREGUI, ANDRES ROBERTO",BUENOS AIRES,10/12/2011,9/12/2015,FRENTE PARA LA VICTORIA - PJ
,"ASSEFF, ALBERTO EMILIO",BUENOS AIRES,10/12/2011,9/12/2015,UNIR
,"AVOSCAN, HERMAN HORACIO",RIO NEGRO,10/12/2011,9/12/2015,FRENTE PARA LA VICTORIA - PJ
,"BALCEDO, MARIA ESTER",BUENOS AIRES,10/12/2011,9/12/2015,FRENTE PARA LA VICTORIA - PJ
,"BALDASSI, HECTOR",CORDOBA,10/12/2013,9/12/2017,UNION PRO
,"BARCHETTA, OMAR SEGUNDO",SANTA FE,10/12/2011,9/12/2015,PARTIDO SOCIALISTA
,"BARDEGGIA, LUIS MARIA",RIO NEGRO,10/12/2013,9/12/2017,FRENTE PARA LA VICTORIA - PJ
,"BARLETTA, MARIO DOMINGO",SANTA FE,10/12/2013,9/12/2017,UCR
,"BARRETO, JORGE RUBEN",ENTRE RIOS,10/12/2013,9/12/2017,FRENTE PARA LA VICTORIA - PJ
,"BASTERRA, LUIS EUGENIO",FORMOSA,10/12/2011,9/12/2015,FRENTE PARA LA VICTORIA - PJ
,"BAZZE, MIGUEL ANGEL",BUENOS AIRES,10/12/2011,9/12/2015,UCR
,"BEDANO, NORA ESTHER",CORDOBA,10/12/2011,9/12/2015,FRENTE PARA LA VICTORIA - PJ
,"BERGMAN, SERGIO ALEJANDRO",CIUDAD de BUENOS AIRES,10/12/2013,9/12/2017,UNION PRO
,"BIANCHI, MARIA DEL CARMEN",CIUDAD de BUENOS AIRES,10/12/2011,9/12/2015,FRENTE PARA LA VICTORIA - PJ
,"BIANCHI, IVANA MARIA",SAN LUIS,10/12/2011,9/12/2015,COMPROMISO FEDERAL
,"BIDEGAIN, GLORIA MERCEDES",BUENOS AIRES,10/12/2011,9/12/2015,FRENTE PARA LA VICTORIA - PJ
,"BIELLA CALVET, BERNARDO JOSE",SALTA,10/12/2011,9/12/2015,UDESO SALTA
,"BINNER, HERMES JUAN",SANTA FE,10/12/2013,9/12/2017,PARTIDO SOCIALISTA
,"BOYADJIAN, GRACIELA EUNICE",TIERRA DEL FUEGO,10/12/2011,9/12/2015,MOV POP FUEGUINO
,"BRAWER, MARA",CIUDAD de BUENOS AIRES,10/12/2011,9/12/2015,FRENTE PARA LA VICTORIA - PJ
,"BRIZUELA DEL MORAL, EDUARDO SEGUNDO",CATAMARCA,10/12/2013,9/12/2017,FRENTE CIVICO Y SOCIAL DE CATAMARCA
,"BROMBERG, ISAAC BENJAMIN",TUCUMAN,10/12/2011,9/12/2015,FRENTE PARA LA VICTORIA - PJ
,"BROWN, CARLOS RAMON",BUENOS AIRES,10/12/2011,9/12/2015,FE
,"BULLRICH, PATRICIA",CIUDAD de BUENOS AIRES,10/12/2011,9/12/2015,UNION PRO
,"BURGOS, MARIA GABRIELA",JUJUY,10/12/2013,9/12/2017,UCR
,"BURYAILE, RICARDO",FORMOSA,10/12/2013,9/12/2017,UCR
,"CABANDIE, JUAN",CIUDAD de BUENOS AIRES,10/12/2013,9/12/2017,FRENTE PARA LA VICTORIA - PJ
,"CACERES, EDUARDO AUGUSTO",SAN JUAN,10/12/2013,9/12/2017,UNION PRO
,"CALCAGNO Y MAILLMANN, ERIC",BUENOS AIRES,10/12/2011,9/12/2015,FRENTE PARA LA VICTORIA - PJ
,"CAMAÑO, GRACIELA",BUENOS AIRES,10/12/2011,9/12/2015,FRENTE RENOVADOR
,"CANELA, SUSANA MERCEDES",SALTA,10/12/2011,9/12/2015,FRENTE PARA LA VICTORIA - PJ
,"CANO, JOSE MANUEL",TUCUMAN,10/12/2013,9/12/2017,UCR
,"CARLOTTO, REMO GERARDO",BUENOS AIRES,10/12/2013,9/12/2017,FRENTE PARA LA VICTORIA - PJ
,"CARMONA, GUILLERMO RAMON",MENDOZA,10/12/2011,9/12/2015,FRENTE PARA LA VICTORIA - PJ
,"CARRILLO, MARIA DEL CARMEN",TUCUMAN,10/12/2011,9/12/2015,FRENTE PARA LA VICTORIA - PJ
,"CARRIO, ELISA MARIA AVELINA",CIUDAD de BUENOS AIRES,10/12/2013,9/12/2017,COALICION CIVICA ARI - UNEN
,"CARRIZO, NILDA MABEL",TUCUMAN,10/12/2013,9/12/2017,FRENTE PARA LA VICTORIA - PJ
,"CARRIZO, MARIA SOLEDAD",CORDOBA,10/12/2013,9/12/2017,UCR
,"CARRIZO, ANA CARLA",CIUDAD de BUENOS AIRES,10/12/2013,9/12/2017,SUMA + UNEN
,"CASAÑAS, JUAN FRANCISCO",TUCUMAN,10/12/2013,9/12/2017,UCR
,"CASELLES, GRACIELA MARIA",SAN JUAN,10/12/2011,9/12/2015,FRENTE PARA LA VICTORIA - PARTIDO BLOQUISTA
,"CASERIO, CARLOS ALBERTO",CORDOBA,10/12/2013,9/12/2017,UNION POR CORDOBA
,"CASTRO, SANDRA DANIELA",SAN JUAN,10/12/2013,9/12/2017,FRENTE PARA LA VICTORIA - PJ
,"CEJAS, JORGE ALBERTO",RIO NEGRO,10/12/2011,9/12/2015,FRENTE PARA LA VICTORIA - PJ
,"CIAMPINI, JOSE ALBERTO",NEUQUEN,10/12/2011,9/12/2015,FRENTE PARA LA VICTORIA - PJ
,"CICILIANI, ALICIA MABEL",SANTA FE,10/12/2013,9/12/2017,PARTIDO SOCIALISTA
,"CLERI, MARCOS",SANTA FE,10/12/2011,9/12/2015,FRENTE PARA LA VICTORIA - PJ
,"COBOS, JULIO CESAR CLETO",MENDOZA,10/12/2013,9/12/2017,UCR
,"COMELLI, ALICIA MARCELA",NEUQUEN,10/12/2011,9/12/2015,MOV POP NEUQUINO
,"CONTI, DIANA BEATRIZ",BUENOS AIRES,10/12/2013,9/12/2017,FRENTE PARA LA VICTORIA - PJ
,"CONTRERA, MONICA GRACIELA",CHUBUT,10/12/2011,9/12/2015,FRENTE PARA LA VICTORIA - PJ
,"CORTINA, ROY",CIUDAD de BUENOS AIRES,10/12/2011,9/12/2015,PARTIDO SOCIALISTA
,"COSTA, EDUARDO RAUL",SANTA CRUZ,10/12/2013,9/12/2017,UCR
,"CREMER DE BUSTI, MARIA CRISTINA",ENTRE RIOS,10/12/2013,9/12/2017,UNION POR ENTRE RIOS
,"CUCCOVILLO, RICARDO OSCAR",BUENOS AIRES,10/12/2011,9/12/2015,PARTIDO SOCIALISTA
,"D'AGOSTINO, JORGE MARCELO",ENTRE RIOS,10/12/2013,9/12/2017,UCR
,"D'ALESSANDRO, MARCELO SILVIO",BUENOS AIRES,10/12/2013,9/12/2017,FRENTE RENOVADOR
,"DAER, HECTOR RICARDO",BUENOS AIRES,10/12/2013,9/12/2017,FRENTE RENOVADOR
,"DAS NEVES, MARIO",CHUBUT,10/12/2013,9/12/2017,TRABAJO Y DIGNIDAD
,"DATO, ALFREDO CARLOS",TUCUMAN,10/12/2011,9/12/2015,FRENTE PARA LA VICTORIA - PJ
,"DE FERRARI RUEDA, PATRICIA",CORDOBA,10/12/2011,9/12/2015,UCR
,"DE GENNARO, VICTOR NORBERTO",BUENOS AIRES,10/12/2011,9/12/2015,UNIDAD POPULAR
,"DE MENDIGUREN, JOSE IGNACIO",BUENOS AIRES,10/12/2013,9/12/2017,FRENTE RENOVADOR
,"DE NARVAEZ, FRANCISCO",BUENOS AIRES,10/12/2013,9/12/2017,UNION CELESTE Y BLANCO
,"DE PEDRO, EDUARDO ENRIQUE",BUENOS AIRES,10/12/2011,9/12/2015,FRENTE PARA LA VICTORIA - PJ
,"DEL CAÑO, NICOLAS",MENDOZA,10/12/2013,9/12/2017,PTS - FRENTE DE IZQUIERDA
,"DEPETRI, EDGARDO FERNANDO",BUENOS AIRES,10/12/2013,9/12/2017,FRENTE PARA LA VICTORIA - PJ
,"DI TULLIO, JULIANA",BUENOS AIRES,10/12/2013,9/12/2017,FRENTE PARA LA VICTORIA - PJ
,"DIAZ BANCALARI, JOSE MARIA",BUENOS AIRES,10/12/2011,9/12/2015,FRENTE PARA LA VICTORIA - PJ
,"DIAZ ROIG, JUAN CARLOS",FORMOSA,10/12/2013,9/12/2017,FRENTE PARA LA VICTORIA - PJ
,"DOMINGUEZ, JULIAN ANDRES",BUENOS AIRES,10/12/2011,9/12/2015,FRENTE PARA LA VICTORIA - PJ
,"DONDA PEREZ, VICTORIA ANALIA",BUENOS AIRES,10/12/2011,9/12/2015,LIBRES DEL SUR
,"DONKIN, CARLOS GUILLERMO",FORMOSA,10/12/2011,9/12/2015,FRENTE PARA LA VICTORIA - PJ
,"DUCLOS, OMAR ARNALDO",BUENOS AIRES,10/12/2011,9/12/2015,GEN
,"DURAND CORNEJO, GUILLERMO MARIO",SALTA,10/12/2013,9/12/2017,CONSERVADOR POPULAR
,"EHCOSOR, MARIA AZUCENA",BUENOS AIRES,10/12/2013,9/12/2017,FRENTE RENOVADOR
,"ELORRIAGA, OSVALDO ENRIQUE",ENTRE RIOS,10/12/2011,9/12/2015,FRENTE PARA LA VICTORIA - PJ
,"ESPER, LAURA",BUENOS AIRES,10/12/2011,9/12/2015,FRENTE RENOVADOR
,"FABIANI, EDUARDO ALBERTO",BUENOS AIRES,10/12/2013,9/12/2017,FRENTE RENOVADOR
,"FELETTI, ROBERTO JOSE",CIUDAD de BUENOS AIRES,10/12/2011,9/12/2015,FRENTE PARA LA VICTORIA - PJ
,"FERNANDEZ MENDIA, GUSTAVO RODOLFO",LA PAMPA,10/12/2013,9/12/2017,PARTIDO JUSTICIALISTA LA PAMPA
,"FERNANDEZ SAGASTI, ANABEL",MENDOZA,10/12/2011,9/12/2015,FRENTE PARA LA VICTORIA - PJ
,"FERREYRA, ARACELI",CORRIENTES,10/12/2011,9/12/2015,FRENTE PARA LA VICTORIA - PJ
,"FIAD, MARIO RAYMUNDO",JUJUY,10/12/2013,9/12/2017,UCR
,"FRANCIONI, FABIAN MARCELO",CORDOBA,10/12/2011,9/12/2015,FRENTE PARA LA VICTORIA - PJ
,"GAGLIARDI, JOSUE",RIO NEGRO,10/12/2011,9/12/2015,FRENTE PARA LA VICTORIA - PJ
,"GAILLARD, ANA CAROLINA",ENTRE RIOS,10/12/2013,9/12/2017,FRENTE PARA LA VICTORIA - PJ
,"GALLARDO, MIRIAM GRACIELA",TUCUMAN,10/12/2013,9/12/2017,FRENTE PARA LA VICTORIA - PJ
,"GARCIA, MARIA TERESA",BUENOS AIRES,10/12/2013,9/12/2017,FRENTE PARA LA VICTORIA - PJ
,"GARCIA, ANDREA FABIANA",BUENOS AIRES,10/12/2011,9/12/2015,FRENTE PARA LA VICTORIA - PJ
,"GARRIDO, MANUEL",CIUDAD de BUENOS AIRES,10/12/2011,9/12/2015,UCR
,"GDANSKY, CARLOS ENRIQUE",BUENOS AIRES,10/12/2011,9/12/2015,FRENTE PARA LA VICTORIA - PJ
,"GERVASONI, LAUTARO",ENTRE RIOS,10/12/2013,9/12/2017,FRENTE PARA LA VICTORIA - PJ
,"GIACCONE, CLAUDIA ALEJANDRA",SANTA FE,10/12/2011,9/12/2015,FRENTE PARA LA VICTORIA - PJ
,"GIACOMINO, DANIEL OSCAR",CORDOBA,10/12/2011,9/12/2015,FRENTE PARA LA VICTORIA - PJ
,"GIANNETTASIO, GRACIELA MARIA",BUENOS AIRES,10/12/2011,9/12/2015,FRENTE PARA LA VICTORIA - PJ
,"GILL, MARTIN RODRIGO",CORDOBA,10/12/2013,9/12/2017,FRENTE PARA LA VICTORIA - PJ
,"GIMENEZ, PATRICIA VIVIANA",MENDOZA,10/12/2013,9/12/2017,UCR
,"GIUBERGIA, MIGUEL ANGEL",JUJUY,10/12/2011,9/12/2015,UCR
,"GIUSTOZZI, RUBEN DARIO",BUENOS AIRES,10/12/2013,9/12/2017,FRENTE RENOVADOR
,"GOMEZ BULL, MAURICIO RICARDO",SANTA CRUZ,10/12/2013,9/12/2017,FRENTE PARA LA VICTORIA - PJ
,"GONZALEZ, JOSEFINA VICTORIA",SANTA FE,10/12/2013,9/12/2017,FRENTE PARA LA VICTORIA - PJ
,"GONZALEZ, JUAN DANTE",MENDOZA,10/12/2011,9/12/2015,FRENTE PARA LA VICTORIA - PJ
,"GONZALEZ, GLADYS ESTHER",BUENOS AIRES,10/12/2013,9/12/2017,UNION PRO
,"GONZALEZ, VERONICA",TIERRA DEL FUEGO,10/12/2011,9/12/2015,FRENTE PARA LA VICTORIA - PJ
,"GRANADOS, DULCE",BUENOS AIRES,10/12/2013,9/12/2017,FRENTE PARA LA VICTORIA - PJ
,"GRIBAUDO, CHRISTIAN ALEJANDRO",BUENOS AIRES,10/12/2013,9/12/2017,UNION PRO
,"GROSSO, LEONARDO",BUENOS AIRES,10/12/2011,9/12/2015,FRENTE PARA LA VICTORIA - PJ
,"GUCCIONE, JOSE DANIEL",MISIONES,10/12/2011,9/12/2015,FRENTE RENOVADOR DE LA CONCORDIA MISIONES - FPV-PJ
,"GUTIERREZ, HECTOR MARIA",BUENOS AIRES,10/12/2013,9/12/2017,UCR
,"GUTIERREZ, MONICA EDITH",CORDOBA,10/12/2011,9/12/2015,FRENTE PARA LA VICTORIA - PJ
,"GUZMAN, SANDRO ADRIAN",BUENOS AIRES,10/12/2013,9/12/2017,FRENTE RENOVADOR
,"HARISPE, GASTON",BUENOS AIRES,10/12/2011,9/12/2015,FRENTE PARA LA VICTORIA - PJ
,"HELLER, CARLOS SALOMON",CIUDAD de BUENOS AIRES,10/12/2013,9/12/2017,FRENTE NUEVO ENCUENTRO
,"HERRERA, JOSE ALBERTO",SANTIAGO DEL ESTERO,10/12/2011,9/12/2015,FRENTE CIVICO POR SANTIAGO
,"HERRERA, GRISELDA NOEMI",LA RIOJA,10/12/2011,9/12/2015,FRENTE PARA LA VICTORIA - PJ
,"IANNI, ANA MARIA",SANTA CRUZ,10/12/2011,9/12/2015,FRENTE PARA LA VICTORIA - PJ
,"INSAURRALDE, MARTIN",BUENOS AIRES,10/12/2013,9/12/2017,FRENTE PARA LA VICTORIA - PJ
,"ISA, EVITA NELIDA",SALTA,10/12/2013,9/12/2017,FRENTE PARA LA VICTORIA - PJ
,"JAVKIN, PABLO LAUTARO",SANTA FE,10/12/2013,9/12/2017,COALICION CIVICA ARI - UNEN
,"JUAREZ, MYRIAN DEL VALLE",CATAMARCA,10/12/2013,9/12/2017,FRENTE CIVICO Y SOCIAL DE CATAMARCA
,"JUAREZ, MANUEL HUMBERTO",SANTIAGO DEL ESTERO,10/12/2013,9/12/2017,FRENTE CIVICO POR SANTIAGO
,"JUNIO, JUAN CARLOS ISAAC",CIUDAD de BUENOS AIRES,10/12/2011,9/12/2015,FRENTE NUEVO ENCUENTRO
,"KOSINER, PABLO FRANCISCO JUAN",SALTA,10/12/2011,9/12/2015,FRENTE PARA LA VICTORIA - PJ
,"KRONEBERGER, DANIEL RICARDO",LA PAMPA,10/12/2011,9/12/2015,UCR
,"KUNKEL, CARLOS MIGUEL",BUENOS AIRES,10/12/2013,9/12/2017,FRENTE PARA LA VICTORIA - PJ
,"LAGORIA, ELIA NELLY",CHUBUT,10/12/2013,9/12/2017,TRABAJO Y DIGNIDAD
,"LANDAU, JORGE ALBERTO",BUENOS AIRES,10/12/2011,9/12/2015,FRENTE PARA LA VICTORIA - PJ
,"LARROQUE, ANDRES",CIUDAD de BUENOS AIRES,10/12/2011,9/12/2015,FRENTE PARA LA VICTORIA - PJ
,"LEVERBERG, STELLA MARIS",MISIONES,10/12/2011,9/12/2015,FRENTE RENOVADOR DE LA CONCORDIA MISIONES - FPV-PJ
,"LINARES, MARIA VIRGINIA",BUENOS AIRES,10/12/2011,9/12/2015,GEN
,"LOPEZ, PABLO SEBASTIAN",SALTA,10/12/2013,9/12/2017,FRENTE DE IZQUIERDA Y DE LOS TRABAJADORES
,"LOTTO, INES BEATRIZ",FORMOSA,10/12/2011,9/12/2015,FRENTE PARA LA VICTORIA - PJ
,"LOUSTEAU, MARTIN",CIUDAD de BUENOS AIRES,10/12/2013,9/12/2017,SUMA + UNEN
,"LOZANO, CLAUDIO RAUL",CIUDAD de BUENOS AIRES,10/12/2011,9/12/2015,UNIDAD POPULAR
,"MAC ALLISTER, CARLOS JAVIER",LA PAMPA,10/12/2013,9/12/2017,UNION PRO
,"MADERA, TERESITA",LA RIOJA,10/12/2013,9/12/2017,FRENTE PARA LA VICTORIA - PJ
,"MAGARIO, VERONICA MARIA",BUENOS AIRES,10/12/2013,9/12/2017,FRENTE PARA LA VICTORIA - PJ
,"MAJDALANI, SILVIA CRISTINA",CIUDAD de BUENOS AIRES,10/12/2013,9/12/2017,UNION PRO
,"MALDONADO, VICTOR HUGO",CHACO,10/12/2011,9/12/2015,UCR
,"MARCOPULOS, JUAN FERNANDO",CORRIENTES,10/12/2011,9/12/2015,FRENTE PARA LA VICTORIA - PJ
,"MARTINEZ, OSCAR ANSELMO",TIERRA DEL FUEGO,10/12/2013,9/12/2017,MOVIMIENTO SOLIDARIO POPULAR
,"MARTINEZ, OSCAR ARIEL",SANTA FE,10/12/2011,9/12/2015,FRENTE RENOVADOR
,"MARTINEZ, JULIO CESAR",LA RIOJA,10/12/2013,9/12/2017,UCR
,"MARTINEZ, SOLEDAD",BUENOS AIRES,10/12/2013,9/12/2017,UNION PRO
,"MARTINEZ CAMPOS, GUSTAVO JOSE",CHACO,10/12/2013,9/12/2017,FRENTE PARA LA VICTORIA - PJ
,"MASSA, SERGIO TOMAS",BUENOS AIRES,10/12/2013,9/12/2017,FRENTE RENOVADOR
,"MAZURE, LILIANA AMALIA",CIUDAD de BUENOS AIRES,10/12/2013,9/12/2017,FRENTE PARA LA VICTORIA - PJ
,"MENDOZA, MAYRA SOLEDAD",BUENOS AIRES,10/12/2011,9/12/2015,FRENTE PARA LA VICTORIA - PJ
,"MENDOZA, SANDRA MARCELA",CHACO,10/12/2013,9/12/2017,FRENTE PARA LA VICTORIA - PJ
,"MESTRE, DIEGO MATIAS",CORDOBA,10/12/2013,9/12/2017,UCR
,"METAZA, MARIO ALFREDO",SANTA CRUZ,10/12/2011,9/12/2015,FRENTE PARA LA VICTORIA - PJ
,"MOLINA, MANUEL ISAURO",CATAMARCA,10/12/2011,9/12/2015,FRENTE PARA LA VICTORIA - PJ
,"MONGELO, JOSE RICARDO",CHACO,10/12/2011,9/12/2015,FRENTE PARA LA VICTORIA - PJ
,"MORENO, CARLOS JULIO",BUENOS AIRES,10/12/2013,9/12/2017,FRENTE PARA LA VICTORIA - PJ
,"MOYANO, JUAN FACUNDO",BUENOS AIRES,10/12/2011,9/12/2015,"CULTURA, EDUCACION Y TRABAJO"
,"MÜLLER, EDGAR RAUL",CORDOBA,10/12/2011,9/12/2015,COMPROMISO FEDERAL
,"NAVARRO, GRACIELA",SANTIAGO DEL ESTERO,10/12/2011,9/12/2015,FRENTE CIVICO POR SANTIAGO
,"NEGRI, MARIO RAUL",CORDOBA,10/12/2011,9/12/2015,UCR
,"OLIVA, CRISTIAN RODOLFO",SANTIAGO DEL ESTERO,10/12/2013,9/12/2017,FRENTE CIVICO POR SANTIAGO
,"OLIVARES, HECTOR ENRIQUE",LA RIOJA,10/12/2011,9/12/2015,UCR
,"OPORTO, MARIO NESTOR",BUENOS AIRES,10/12/2011,9/12/2015,FRENTE PARA LA VICTORIA - PJ
,"ORTIZ, MARIELA",JUJUY,10/12/2011,9/12/2015,FRENTE PARA LA VICTORIA - PJ
,"ORTIZ CORREA, MARCIA SARA MARIA",CATAMARCA,10/12/2011,9/12/2015,FRENTE PARA LA VICTORIA - PJ
,"PAIS, JUAN MARIO",CHUBUT,10/12/2011,9/12/2015,FRENTE PARA LA VICTORIA - PJ
,"PARRILLI, NANCI MARIA AGUSTINA",NEUQUEN,10/12/2013,9/12/2017,FRENTE PARA LA VICTORIA - PJ
,"PASTORI, LUIS MARIO",MISIONES,10/12/2013,9/12/2017,UCR
,"PASTORIZA, MIRTA AMELIANA",SANTIAGO DEL ESTERO,10/12/2011,9/12/2015,FRENTE CIVICO POR SANTIAGO
,"PEDRINI, JUAN MANUEL",CHACO,10/12/2013,9/12/2017,FRENTE PARA LA VICTORIA - PJ
,"PERALTA, FABIAN FRANCISCO",SANTA FE,10/12/2011,9/12/2015,GEN
,"PEREZ, MARTIN ALEJANDRO",TIERRA DEL FUEGO,10/12/2013,9/12/2017,FRENTE PARA LA VICTORIA - PJ
,"PEREZ, ADRIAN",BUENOS AIRES,10/12/2013,9/12/2017,FRENTE RENOVADOR
,"PERIE, JULIA ARGENTINA",MISIONES,10/12/2011,9/12/2015,FRENTE PARA LA VICTORIA - PJ
,"PEROTTI, OMAR ANGEL",SANTA FE,10/12/2011,9/12/2015,FRENTE PARA LA VICTORIA - PJ
,"PERRONI, ANA MARIA",CORRIENTES,10/12/2011,9/12/2015,FRENTE PARA LA VICTORIA - PJ
,"PETRI, LUIS ALFONSO",MENDOZA,10/12/2013,9/12/2017,UCR
,"PIETRAGALLA CORTI, HORACIO",BUENOS AIRES,10/12/2011,9/12/2015,FRENTE PARA LA VICTORIA - PJ
,"PINEDO, FEDERICO",CIUDAD de BUENOS AIRES,10/12/2011,9/12/2015,UNION PRO
,"PITROLA, NESTOR ANTONIO",BUENOS AIRES,10/12/2013,9/12/2017,FRENTE DE IZQUIERDA Y DE LOS TRABAJADORES
,"PLAINI, FRANCISCO OMAR",BUENOS AIRES,10/12/2013,9/12/2017,"CULTURA, EDUCACION Y TRABAJO"
,"PORTELA, AGUSTIN ALBERTO",CORRIENTES,10/12/2011,9/12/2015,UCR
,"PRADINES, ROBERTO ARTURO",MENDOZA,10/12/2011,9/12/2015,DEMOCRATA DE MENDOZA
,"PUCHETA, RAMONA",BUENOS AIRES,10/12/2011,9/12/2015,FRENTE POR LA INCLUSION SOCIAL
,"PUIGGROS, ADRIANA VICTORIA",BUENOS AIRES,10/12/2011,9/12/2015,FRENTE PARA LA VICTORIA - PJ
,"RAIMUNDI, CARLOS",BUENOS AIRES,10/12/2011,9/12/2015,FRENTE NUEVO ENCUENTRO
,"RASINO, ELIDA ELENA",SANTA FE,10/12/2011,9/12/2015,PARTIDO SOCIALISTA
,"RECALDE, HECTOR PEDRO",BUENOS AIRES,10/12/2013,9/12/2017,FRENTE PARA LA VICTORIA - PJ
,"REDCZUK, OSCAR FELIPE",MISIONES,10/12/2011,9/12/2015,FRENTE RENOVADOR DE LA CONCORDIA MISIONES - FPV-PJ
,"RICCARDO, JOSE LUIS",SAN LUIS,10/12/2013,9/12/2017,UCR
,"RIESTRA, ANTONIO SABINO",SANTA FE,10/12/2011,9/12/2015,UNIDAD POPULAR
,"RIOS, LILIANA MARIA",ENTRE RIOS,10/12/2011,9/12/2015,FRENTE PARA LA VICTORIA - PJ
,"RISKO, SILVIA LUCRECIA",MISIONES,10/12/2013,9/12/2017,FRENTE RENOVADOR DE LA CONCORDIA MISIONES - FPV-PJ
,"RIVAROLA, RUBEN ARMANDO",JUJUY,10/12/2011,9/12/2015,FRENTE PARA LA VICTORIA - PJ
,"RIVAS, JORGE",BUENOS AIRES,10/12/2011,9/12/2015,FRENTE PARA LA VICTORIA - PJ
,"ROBERTI, ALBERTO OSCAR",BUENOS AIRES,10/12/2011,9/12/2015,FRENTE RENOVADOR
,"ROGEL, FABIAN DULIO",ENTRE RIOS,10/12/2011,9/12/2015,UCR
,"ROMERO, OSCAR ALBERTO",BUENOS AIRES,10/12/2013,9/12/2017,FRENTE PARA LA VICTORIA - PJ
,"ROSSI, BLANCA ARACELI",CORDOBA,10/12/2013,9/12/2017,UNION POR CORDOBA
,"RUBIN, CARLOS GUSTAVO",CORRIENTES,10/12/2013,9/12/2017,FRENTE PARA LA VICTORIA - PJ
,"RUIZ, AIDA DELIA",SANTIAGO DEL ESTERO,10/12/2011,9/12/2015,FRENTE CIVICO POR SANTIAGO
,"SACCA, LUIS FERNANDO",TUCUMAN,10/12/2011,9/12/2015,UCR
,"SALINO, FERNANDO ALDO",SAN LUIS,10/12/2013,9/12/2017,COMPROMISO FEDERAL
,"SAN MARTIN, ADRIAN",NEUQUEN,10/12/2013,9/12/2017,MOV POP NEUQUINO
,"SANCHEZ, FERNANDO",CIUDAD de BUENOS AIRES,10/12/2013,9/12/2017,COALICION CIVICA ARI - UNEN
,"SANTILLAN, WALTER MARCELO",TUCUMAN,10/12/2011,9/12/2015,FRENTE PARA LA VICTORIA - PJ
,"SANTIN, EDUARDO",BUENOS AIRES,10/12/2011,9/12/2015,UCR
,"SCAGLIA, GISELA",SANTA FE,10/12/2013,9/12/2017,UNION PRO
,"SCHIARETTI, JUAN",CORDOBA,10/12/2013,9/12/2017,UNION POR CORDOBA
,"SCHMIDT LIERMANN, CORNELIA",CIUDAD de BUENOS AIRES,10/12/2011,9/12/2015,UNION PRO
,"SCHWINDT, MARIA LILIANA",BUENOS AIRES,10/12/2013,9/12/2017,FRENTE RENOVADOR
,"SCIUTTO, RUBEN DARIO",TIERRA DEL FUEGO,10/12/2011,9/12/2015,PERONISMO MAS AL SUR
,"SCOTTO, SILVIA CAROLINA",CORDOBA,10/12/2013,9/12/2017,FRENTE PARA LA VICTORIA - PJ
,"SEGARRA, ADELA ROSA",BUENOS AIRES,10/12/2011,9/12/2015,FRENTE PARA LA VICTORIA - PJ
,"SEMHAN, MARIA DE LAS MERCEDES",CORRIENTES,10/12/2013,9/12/2017,ENCUENTRO POR CORRIENTES
,"SEMINARA, EDUARDO JORGE",SANTA FE,10/12/2013,9/12/2017,FRENTE PARA LA VICTORIA - PJ
,"SIMONCINI, SILVIA ROSA",SANTA FE,10/12/2011,9/12/2015,FRENTE PARA LA VICTORIA - PJ
,"SOLA, FELIPE CARLOS",BUENOS AIRES,10/12/2013,9/12/2017,FRENTE RENOVADOR
,"SOLANAS, JULIO RODOLFO",ENTRE RIOS,10/12/2011,9/12/2015,FRENTE PARA LA VICTORIA - PJ
,"SORIA, MARIA EMILIA",RIO NEGRO,10/12/2013,9/12/2017,FRENTE PARA LA VICTORIA - PJ
,"SOTO, GLADYS BEATRIZ",CHACO,10/12/2011,9/12/2015,FRENTE PARA LA VICTORIA - PJ
,"SPINOZZI, RICARDO ADRIAN",SANTA FE,10/12/2013,9/12/2017,UNION PRO
,"STOLBIZER, MARGARITA ROSA",BUENOS AIRES,10/12/2013,9/12/2017,GEN
,"STURZENEGGER, FEDERICO ADOLFO",CIUDAD de BUENOS AIRES,10/12/2013,9/12/2017,UNION PRO
,"TEJEDOR, MIGUEL ANGEL",CHACO,10/12/2013,9/12/2017,UCR
,"TENTOR, HECTOR OLINDO",JUJUY,10/12/2013,9/12/2017,FRENTE PARA LA VICTORIA - PJ
,"TINEO, JAVIER HECTOR",LA RIOJA,10/12/2011,9/12/2015,FRENTE PARA LA VICTORIA - PJ
,"TOLEDO, SUSANA MARIA",SANTA CRUZ,10/12/2013,9/12/2017,UCR
,"TOMAS, HECTOR DANIEL",SAN JUAN,10/12/2013,9/12/2017,FRENTE PARA LA VICTORIA - PJ
,"TOMASSI, NESTOR NICOLAS",CATAMARCA,10/12/2013,9/12/2017,FRENTE PARA LA VICTORIA - PJ
,"TONELLI, PABLO GABRIEL",CIUDAD de BUENOS AIRES,10/12/2011,9/12/2015,UNION PRO
,"TORRES DEL SEL, MIGUEL IGNACIO",SANTA FE,10/12/2013,9/12/2017,UNION PRO
,"TORROBA, FRANCISCO JAVIER",LA PAMPA,10/12/2013,9/12/2017,UCR
,"TRIACA, ALBERTO JORGE",CIUDAD de BUENOS AIRES,10/12/2013,9/12/2017,UNION PRO
,"TROIANO, GABRIELA ALEJANDRA",BUENOS AIRES,10/12/2013,9/12/2017,PARTIDO SOCIALISTA
,"TUNDIS, MIRTA",BUENOS AIRES,10/12/2013,9/12/2017,FRENTE RENOVADOR
,"UÑAC, JOSE RUBEN",SAN JUAN,10/12/2011,9/12/2015,FRENTE PARA LA VICTORIA - PJ
,"VALDES, GUSTAVO ADOLFO",CORRIENTES,10/12/2013,9/12/2017,UCR
,"VALINOTTO, JORGE ANSELMO",CORDOBA,10/12/2011,9/12/2015,FRENTE CIVICO - CORDOBA
,"VAQUIE, ENRIQUE ANDRES",MENDOZA,10/12/2011,9/12/2015,UCR
,"VILARIÑO, JOSE ANTONIO",SALTA,10/12/2011,9/12/2015,FRENTE PARA LA VICTORIA - PJ
,"VILLA, JOSE ANTONIO",SAN JUAN,10/12/2011,9/12/2015,FRENTE PARA LA VICTORIA - PJ
,"VILLAR MOLINA, MARIA INES",NEUQUEN,10/12/2013,9/12/2017,MOV POP NEUQUINO
,"VILLATA, GRACIELA SUSANA",CORDOBA,10/12/2011,9/12/2015,FRENTE CIVICO - CORDOBA
,"ZABALZA, JUAN CARLOS",SANTA FE,10/12/2011,9/12/2015,PARTIDO SOCIALISTA
,"ZAMARREÑO, MARIA EUGENIA",BUENOS AIRES,10/12/2011,9/12/2015,FRENTE PARA LA VICTORIA - PJ
,"ZIEBART, CRISTINA ISABEL",CHUBUT,10/12/2011,9/12/2015,FRENTE PARA LA VICTORIA - PJ
,"ZIEGLER, ALEX ROBERTO",MISIONES,10/12/2013,9/12/2017,FRENTE RENOVADOR DE LA CONCORDIA MISIONES - FPV-PJ